year,revenue,assets,CIK,ticker
2010.0,903206000,4495246000,0001045810,NVDA
2011.0,953194000,5552928000,0001045810,NVDA
2012.0,962039000,6412245000,0001045810,NVDA
2013.0,1144218000,7250894000,0001045810,NVDA
2015.0,4280159000,7201368000,0001045810,NVDA
2016.0,1103000000,7370000000,0001045810,NVDA
2017.0,4682000000,7370000000,0001045810,NVDA
2018.0,5010000000,11241000000,0001045810,NVDA
2022.0,10918000000,44187000000,0001045810,NVDA
2023.0,26974000000,41182000000,0001045810,NVDA
2024.0,60922000000,65728000000,0001045810,NVDA
2025.0,130497000000,111601000000,0001045810,NVDA
2015.0,74989000000,147461000000,0001652044,GOOGL
2015.0,74989000000,147461000000,0001652044,GOOG
2016.0,90272000000,167497000000,0001652044,GOOGL
2016.0,90272000000,167497000000,0001652044,GOOG
2017.0,110855000000,197295000000,0001652044,GOOGL
2017.0,110855000000,197295000000,0001652044,GOOG
2020.0,182527000000,319616000000,0001652044,GOOGL
2020.0,182527000000,319616000000,0001652044,GOOG
2021.0,257637000000,359268000000,0001652044,GOOGL
2021.0,257637000000,359268000000,0001652044,GOOG
2018.0,62900000000,365725000000,0000320193,AAPL
2010.0,16039000000,86113000000,0000789019,MSFT
2018.0,72383000000,131310000000,0001018724,AMZN
2019.0,177866000000,225248000000,0001018724,AMZN
2020.0,59700000000,321195000000,0001018724,AMZN
2021.0,280522000000,420549000000,0001018724,AMZN
2022.0,513983000000,420549000000,0001018724,AMZN
2023.0,574785000000,527854000000,0001018724,AMZN
2024.0,637959000000,624894000000,0001018724,AMZN
2012.0,5089000000,15103000000,0001326801,META
2013.0,7872000000,17895000000,0001326801,META
2014.0,12466000000,40184000000,0001326801,META
2015.0,12466000000,49407000000,0001326801,META
2016.0,27638000000,64961000000,0001326801,META
2017.0,40653000000,84524000000,0001326801,META
2018.0,5444000000,50124000000,0001730168,AVGO
2011.0,204242000,713448000,0001318605,TSLA
2012.0,306332000,1114190000,0001318605,TSLA
2013.0,50104000,2416930000,0001318605,TSLA
2014.0,956661000,5849251000,0001318605,TSLA
2015.0,1214379000,8092460000,0001318605,TSLA
2016.0,3198356000,22664076000,0001318605,TSLA
2017.0,1270017000,28655372000,0001318605,TSLA
2018.0,2789557000,28655372000,0001318605,TSLA
2019.0,7384000000,34309000000,0001318605,TSLA
2020.0,4541000000,52148000000,0001318605,TSLA
2021.0,24578000000,62131000000,0001318605,TSLA
2022.0,81462000000,82338000000,0001318605,TSLA
2023.0,81462000000,106618000000,0001318605,TSLA
2024.0,97690000000,122070000000,0001318605,TSLA
2025.0,94827000000,137806000000,0001318605,TSLA
2009.0,112493000000,297119000000,0001067983,BRK-B
2009.0,112493000000,297119000000,0001067983,BRK-A
2010.0,29904000000,372229000000,0001067983,BRK-B
2010.0,29904000000,372229000000,0001067983,BRK-A
2011.0,37955000000,392647000000,0001067983,BRK-B
2011.0,37955000000,392647000000,0001067983,BRK-A
2012.0,33720000000,427452000000,0001067983,BRK-B
2012.0,33720000000,427452000000,0001067983,BRK-A
2013.0,38147000000,427452000000,0001067983,BRK-B
2013.0,38147000000,427452000000,0001067983,BRK-A
2014.0,162463000000,526186000000,0001067983,BRK-B
2014.0,162463000000,526186000000,0001067983,BRK-A
2015.0,182150000000,552257000000,0001067983,BRK-B
2015.0,182150000000,552257000000,0001067983,BRK-A
2016.0,51549000000,525867000000,0001067983,BRK-B
2016.0,51549000000,525867000000,0001067983,BRK-A
2017.0,54254000000,702095000000,0001067983,BRK-B
2017.0,54254000000,702095000000,0001067983,BRK-A
2018.0,63714000000,707794000000,0001067983,BRK-B
2018.0,63714000000,707794000000,0001067983,BRK-A
2019.0,239933000000,817729000000,0001067983,BRK-B
2019.0,239933000000,817729000000,0001067983,BRK-A
2020.0,60678000000,873729000000,0001067983,BRK-B
2020.0,60678000000,873729000000,0001067983,BRK-A
2021.0,276094000000,873729000000,0001067983,BRK-B
2021.0,276094000000,873729000000,0001067983,BRK-A
2022.0,302089000000,948452000000,0001067983,BRK-B
2022.0,302089000000,948452000000,0001067983,BRK-A
2023.0,364482000000,1069978000000,0001067983,BRK-B
2023.0,364482000000,1069978000000,0001067983,BRK-A
2024.0,371433000000,1153881000000,0001067983,BRK-B
2024.0,371433000000,1153881000000,0001067983,BRK-A
2009.0,408214000000,170706000000,0000104169,WMT
2010.0,421849000000,180663000000,0000104169,WMT
2011.0,408085000000,193406000000,0000104169,WMT
2012.0,127919000000,203105000000,0000104169,WMT
2013.0,112901000000,193406000000,0000104169,WMT
2015.0,468651000000,203706000000,0000104169,WMT
2016.0,476294000000,199581000000,0000104169,WMT
2017.0,120229000000,198825000000,0000104169,WMT
2018.0,115904000000,199581000000,0000104169,WMT
2019.0,138793000000,219295000000,0000104169,WMT
2020.0,122690000000,236495000000,0000104169,WMT
2021.0,514405000000,219295000000,0000104169,WMT
2022.0,572754000000,244860000000,0000104169,WMT
2023.0,572754000000,243197000000,0000104169,WMT
2024.0,648125000000,252399000000,0000104169,WMT
2025.0,680985000000,260823000000,0000104169,WMT
2009.0,21836000000,27460900000,0000059478,LLY
2010.0,23076000000,31001400000,0000059478,LLY
2011.0,24286500000,33659800000,0000059478,LLY
2012.0,22603400000,34398900000,0000059478,LLY
2013.0,5808800000,35248700000,0000059478,LLY
2014.0,22603400000,37178200000,0000059478,LLY
2015.0,5375600000,35568900000,0000059478,LLY
2016.0,4644700000,35568900000,0000059478,LLY
2017.0,6160700000,44981000000,0000059478,LLY
2018.0,21222100000,43908400000,0000059478,LLY
2019.0,5637600000,39286100000,0000059478,LLY
2020.0,24539800000,39286100000,0000059478,LLY
2021.0,28318400000,48806000000,0000059478,LLY
2022.0,28541400000,49489800000,0000059478,LLY
2023.0,34124100000,64006300000,0000059478,LLY
2024.0,45042700000,78714900000,0000059478,LLY
2009.0,100434000000,2031989000000,0000019617,JPM
2009.0,100434000000,2031989000000,0000019617,JPM-PD
2009.0,100434000000,2031989000000,0000019617,JPM-PC
2009.0,100434000000,2031989000000,0000019617,JPM-PJ
2009.0,100434000000,2031989000000,0000019617,AMJB
2009.0,100434000000,2031989000000,0000019617,JPM-PK
2009.0,100434000000,2031989000000,0000019617,JPM-PL
2009.0,100434000000,2031989000000,0000019617,JPM-PM
2009.0,100434000000,2031989000000,0000019617,VYLD
2010.0,102694000000,2117605000000,0000019617,JPM
2010.0,102694000000,2117605000000,0000019617,JPM-PD
2010.0,102694000000,2117605000000,0000019617,JPM-PC
2010.0,102694000000,2117605000000,0000019617,JPM-PJ
2010.0,102694000000,2117605000000,0000019617,AMJB
2010.0,102694000000,2117605000000,0000019617,JPM-PK
2010.0,102694000000,2117605000000,0000019617,JPM-PL
2010.0,102694000000,2117605000000,0000019617,JPM-PM
2010.0,102694000000,2117605000000,0000019617,VYLD
2011.0,97234000000,2265792000000,0000019617,JPM
2011.0,97234000000,2265792000000,0000019617,JPM-PD
2011.0,97234000000,2265792000000,0000019617,JPM-PC
2011.0,97234000000,2265792000000,0000019617,JPM-PJ
2011.0,97234000000,2265792000000,0000019617,AMJB
2011.0,97234000000,2265792000000,0000019617,JPM-PK
2011.0,97234000000,2265792000000,0000019617,JPM-PL
2011.0,97234000000,2265792000000,0000019617,JPM-PM
2011.0,97234000000,2265792000000,0000019617,VYLD
2012.0,102694000000,2359141000000,0000019617,JPM
2012.0,102694000000,2359141000000,0000019617,JPM-PD
2012.0,102694000000,2359141000000,0000019617,JPM-PC
2012.0,102694000000,2359141000000,0000019617,JPM-PJ
2012.0,102694000000,2359141000000,0000019617,AMJB
2012.0,102694000000,2359141000000,0000019617,JPM-PK
2012.0,102694000000,2359141000000,0000019617,JPM-PL
2012.0,102694000000,2359141000000,0000019617,JPM-PM
2012.0,102694000000,2359141000000,0000019617,VYLD
2013.0,96606000000,2359141000000,0000019617,JPM
2013.0,96606000000,2359141000000,0000019617,JPM-PD
2013.0,96606000000,2359141000000,0000019617,JPM-PC
2013.0,96606000000,2359141000000,0000019617,JPM-PJ
2013.0,96606000000,2359141000000,0000019617,AMJB
2013.0,96606000000,2359141000000,0000019617,JPM-PK
2013.0,96606000000,2359141000000,0000019617,JPM-PL
2013.0,96606000000,2359141000000,0000019617,JPM-PM
2013.0,96606000000,2359141000000,0000019617,VYLD
2014.0,94205000000,2573126000000,0000019617,JPM
2014.0,94205000000,2573126000000,0000019617,JPM-PD
2014.0,94205000000,2573126000000,0000019617,JPM-PC
2014.0,94205000000,2573126000000,0000019617,JPM-PJ
2014.0,94205000000,2573126000000,0000019617,AMJB
2014.0,94205000000,2573126000000,0000019617,JPM-PK
2014.0,94205000000,2573126000000,0000019617,JPM-PL
2014.0,94205000000,2573126000000,0000019617,JPM-PM
2014.0,94205000000,2573126000000,0000019617,VYLD
2015.0,93543000000,2351698000000,0000019617,JPM
2015.0,93543000000,2351698000000,0000019617,JPM-PD
2015.0,93543000000,2351698000000,0000019617,JPM-PC
2015.0,93543000000,2351698000000,0000019617,JPM-PJ
2015.0,93543000000,2351698000000,0000019617,AMJB
2015.0,93543000000,2351698000000,0000019617,JPM-PK
2015.0,93543000000,2351698000000,0000019617,JPM-PL
2015.0,93543000000,2351698000000,0000019617,JPM-PM
2015.0,93543000000,2351698000000,0000019617,VYLD
2016.0,95668000000,2572274000000,0000019617,JPM
2016.0,95668000000,2572274000000,0000019617,JPM-PD
2016.0,95668000000,2572274000000,0000019617,JPM-PC
2016.0,95668000000,2572274000000,0000019617,JPM-PJ
2016.0,95668000000,2572274000000,0000019617,AMJB
2016.0,95668000000,2572274000000,0000019617,JPM-PK
2016.0,95668000000,2572274000000,0000019617,JPM-PL
2016.0,95668000000,2572274000000,0000019617,JPM-PM
2016.0,95668000000,2572274000000,0000019617,VYLD
2017.0,95668000000,2533600000000,0000019617,JPM
2017.0,95668000000,2533600000000,0000019617,JPM-PD
2017.0,95668000000,2533600000000,0000019617,JPM-PC
2017.0,95668000000,2533600000000,0000019617,JPM-PJ
2017.0,95668000000,2533600000000,0000019617,AMJB
2017.0,95668000000,2533600000000,0000019617,JPM-PK
2017.0,95668000000,2533600000000,0000019617,JPM-PL
2017.0,95668000000,2533600000000,0000019617,JPM-PM
2017.0,95668000000,2533600000000,0000019617,VYLD
2018.0,109029000000,2622532000000,0000019617,JPM
2018.0,109029000000,2622532000000,0000019617,JPM-PD
2018.0,109029000000,2622532000000,0000019617,JPM-PC
2018.0,109029000000,2622532000000,0000019617,JPM-PJ
2018.0,109029000000,2622532000000,0000019617,AMJB
2018.0,109029000000,2622532000000,0000019617,JPM-PK
2018.0,109029000000,2622532000000,0000019617,JPM-PL
2018.0,109029000000,2622532000000,0000019617,JPM-PM
2018.0,109029000000,2622532000000,0000019617,VYLD
2019.0,115627000000,2687379000000,0000019617,JPM
2019.0,115627000000,2687379000000,0000019617,JPM-PD
2019.0,115627000000,2687379000000,0000019617,JPM-PC
2019.0,115627000000,2687379000000,0000019617,JPM-PJ
2019.0,115627000000,2687379000000,0000019617,AMJB
2019.0,115627000000,2687379000000,0000019617,JPM-PK
2019.0,115627000000,2687379000000,0000019617,JPM-PL
2019.0,115627000000,2687379000000,0000019617,JPM-PM
2019.0,115627000000,2687379000000,0000019617,VYLD
2020.0,108783000000,3386071000000,0000019617,JPM
2020.0,108783000000,3386071000000,0000019617,JPM-PD
2020.0,108783000000,3386071000000,0000019617,JPM-PC
2020.0,108783000000,3386071000000,0000019617,JPM-PJ
2020.0,108783000000,3386071000000,0000019617,AMJB
2020.0,108783000000,3386071000000,0000019617,JPM-PK
2020.0,108783000000,3386071000000,0000019617,JPM-PL
2020.0,108783000000,3386071000000,0000019617,JPM-PM
2020.0,108783000000,3386071000000,0000019617,VYLD
2021.0,121649000000,3384757000000,0000019617,JPM
2021.0,121649000000,3384757000000,0000019617,JPM-PD
2021.0,121649000000,3384757000000,0000019617,JPM-PC
2021.0,121649000000,3384757000000,0000019617,JPM-PJ
2021.0,121649000000,3384757000000,0000019617,AMJB
2021.0,121649000000,3384757000000,0000019617,JPM-PK
2021.0,121649000000,3384757000000,0000019617,JPM-PL
2021.0,121649000000,3384757000000,0000019617,JPM-PM
2021.0,121649000000,3384757000000,0000019617,VYLD
2022.0,128695000000,3665743000000,0000019617,JPM
2022.0,128695000000,3665743000000,0000019617,JPM-PD
2022.0,128695000000,3665743000000,0000019617,JPM-PC
2022.0,128695000000,3665743000000,0000019617,JPM-PJ
2022.0,128695000000,3665743000000,0000019617,AMJB
2022.0,128695000000,3665743000000,0000019617,JPM-PK
2022.0,128695000000,3665743000000,0000019617,JPM-PL
2022.0,128695000000,3665743000000,0000019617,JPM-PM
2022.0,128695000000,3665743000000,0000019617,VYLD
2023.0,158104000000,3875393000000,0000019617,JPM
2023.0,158104000000,3875393000000,0000019617,JPM-PD
2023.0,158104000000,3875393000000,0000019617,JPM-PC
2023.0,158104000000,3875393000000,0000019617,JPM-PJ
2023.0,158104000000,3875393000000,0000019617,AMJB
2023.0,158104000000,3875393000000,0000019617,JPM-PK
2023.0,158104000000,3875393000000,0000019617,JPM-PL
2023.0,158104000000,3875393000000,0000019617,JPM-PM
2023.0,158104000000,3875393000000,0000019617,VYLD
2024.0,177556000000,4002814000000,0000019617,JPM
2024.0,177556000000,4002814000000,0000019617,JPM-PD
2024.0,177556000000,4002814000000,0000019617,JPM-PC
2024.0,177556000000,4002814000000,0000019617,JPM-PJ
2024.0,177556000000,4002814000000,0000019617,AMJB
2024.0,177556000000,4002814000000,0000019617,JPM-PK
2024.0,177556000000,4002814000000,0000019617,JPM-PL
2024.0,177556000000,4002814000000,0000019617,JPM-PM
2024.0,177556000000,4002814000000,0000019617,VYLD
2009.0,6911000000,32281000000,0001403161,V
2010.0,8065000000,33408000000,0001403161,V
2011.0,6911000000,34760000000,0001403161,V
2012.0,10421000000,40013000000,0001403161,V
2013.0,9188000000,40013000000,0001403161,V
2014.0,12702000000,38569000000,0001403161,V
2015.0,13880000000,40236000000,0001403161,V
2016.0,12702000000,64035000000,0001403161,V
2017.0,18358000000,64035000000,0001403161,V
2018.0,20609000000,69225000000,0001403161,V
2019.0,22977000000,72574000000,0001403161,V
2020.0,21846000000,80919000000,0001403161,V
2011.0,467029000000,331052000000,0000034088,XOM
2012.0,453123000000,333795000000,0000034088,XOM
2013.0,420836000000,333795000000,0000034088,XOM
2014.0,451509000000,349493000000,0000034088,XOM
2015.0,259488000000,336758000000,0000034088,XOM
2016.0,218608000000,349493000000,0000034088,XOM
2017.0,237162000000,348691000000,0000034088,XOM
2018.0,237162000000,346196000000,0000034088,XOM
2019.0,264938000000,362597000000,0000034088,XOM
2020.0,181502000000,332750000000,0000034088,XOM
2021.0,285640000000,332750000000,0000034088,XOM
2022.0,285640000000,369067000000,0000034088,XOM
2023.0,344582000000,376317000000,0000034088,XOM
2024.0,349585000000,453475000000,0000034088,XOM
2010.0,26820000000,61578000000,0001341439,ORCL
2011.0,35622000000,73535000000,0001341439,ORCL
2012.0,37121000000,78327000000,0001341439,ORCL
2013.0,35622000000,81812000000,0001341439,ORCL
2014.0,38275000000,90344000000,0001341439,ORCL
2015.0,38226000000,110903000000,0001341439,ORCL
2016.0,37047000000,112180000000,0001341439,ORCL
2017.0,37728000000,112180000000,0001341439,ORCL
2018.0,37728000000,137264000000,0001341439,ORCL
2019.0,39506000000,108709000000,0001341439,ORCL
2020.0,39068000000,115438000000,0001341439,ORCL
2021.0,40479000000,115438000000,0001341439,ORCL
2022.0,42440000000,109297000000,0001341439,ORCL
2023.0,42440000000,134384000000,0001341439,ORCL
2024.0,42440000000,140976000000,0001341439,ORCL
2025.0,57399000000,168361000000,0001341439,ORCL
2009.0,5098684000,7470279000,0001141391,MA
2010.0,1438000000,8837000000,0001141391,MA
2011.0,1308000000,10693000000,0001141391,MA
2012.0,5539000000,12462000000,0001141391,MA
2013.0,6714000000,14242000000,0001141391,MA
2014.0,1906000000,15329000000,0001141391,MA
2018.0,3807000000,24860000000,0001141391,MA
2019.0,12497000000,29236000000,0001141391,MA
2020.0,14950000000,29236000000,0001141391,MA
2021.0,18884000000,37669000000,0001141391,MA
2022.0,18884000000,38724000000,0001141391,MA
2023.0,25098000000,42448000000,0001141391,MA
2024.0,28167000000,48081000000,0001141391,MA
2018.0,8440000000,35336000000,0000723125,MU
2010.0,24125000000,23815000000,0000909832,COST
2011.0,17780000000,26761000000,0000909832,COST
2012.0,32218000000,27140000000,0000909832,COST
2013.0,32487000000,26761000000,0000909832,COST
2014.0,99137000000,33024000000,0000909832,COST
2015.0,26306000000,33440000000,0000909832,COST
2016.0,36560000000,33163000000,0000909832,COST
2017.0,116199000000,36347000000,0000909832,COST
2018.0,141576000000,36347000000,0000909832,COST
2019.0,152703000000,45400000000,0000909832,COST
2020.0,141576000000,55556000000,0000909832,COST
2021.0,195929000000,45400000000,0000909832,COST
2022.0,226954000000,64166000000,0000909832,COST
2023.0,242290000000,68994000000,0000909832,COST
2024.0,254453000000,69831000000,0000909832,COST
2025.0,275235000000,77099000000,0000909832,COST
2015.0,12293000000,41206000000,0001577552,BABA
2015.0,12293000000,41206000000,0001577552,BABAF
2015.0,12293000000,41206000000,0001577552,BBAAY
2016.0,15686000000,56521000000,0001577552,BABA
2016.0,15686000000,56521000000,0001577552,BABAF
2016.0,15686000000,56521000000,0001577552,BBAAY
2017.0,22994000000,73630000000,0001577552,BABA
2017.0,22994000000,73630000000,0001577552,BABAF
2017.0,22994000000,73630000000,0001577552,BBAAY
2018.0,39898000000,114326000000,0001577552,BABA
2018.0,39898000000,114326000000,0001577552,BABAF
2018.0,39898000000,114326000000,0001577552,BBAAY
2019.0,56152000000,143801000000,0001577552,BABA
2019.0,56152000000,143801000000,0001577552,BABAF
2019.0,56152000000,143801000000,0001577552,BBAAY
2020.0,71985000000,185429000000,0001577552,BABA
2020.0,71985000000,185429000000,0001577552,BABAF
2020.0,71985000000,185429000000,0001577552,BBAAY
2021.0,109480000000,257978000000,0001577552,BABA
2021.0,109480000000,257978000000,0001577552,BABAF
2021.0,109480000000,257978000000,0001577552,BBAAY
2022.0,134567000000,267467000000,0001577552,BABA
2022.0,134567000000,267467000000,0001577552,BABAF
2022.0,134567000000,267467000000,0001577552,BBAAY
2023.0,126491000000,255263000000,0001577552,BABA
2023.0,126491000000,255263000000,0001577552,BABAF
2023.0,126491000000,255263000000,0001577552,BBAAY
2024.0,130350000000,244426000000,0001577552,BABA
2024.0,130350000000,244426000000,0001577552,BABAF
2024.0,130350000000,244426000000,0001577552,BBAAY
2025.0,137300000000,248629000000,0001577552,BABA
2025.0,137300000000,248629000000,0001577552,BABAF
2025.0,137300000000,248629000000,0001577552,BBAAY
2018.0,8305000000,70786000000,0001551152,ABBV
2019.0,28216000000,89115000000,0001551152,ABBV
2020.0,13858000000,150565000000,0001551152,ABBV
2021.0,33266000000,146529000000,0001551152,ABBV
2022.0,45804000000,138805000000,0001551152,ABBV
2023.0,14301000000,134711000000,0001551152,ABBV
2024.0,15102000000,135161000000,0001551152,ABBV
2020.0,1092673000,2690504000,0001321655,PLTR
2021.0,1541889000,3247450000,0001321655,PLTR
2022.0,1905871000,3461239000,0001321655,PLTR
2023.0,2225012000,4522425000,0001321655,PLTR
2024.0,2865507000,6340884000,0001321655,PLTR
2009.0,119643000000,2223299000000,0000070858,BAC
2009.0,119643000000,2223299000000,0000070858,BML-PG
2009.0,119643000000,2223299000000,0000070858,BML-PH
2009.0,119643000000,2223299000000,0000070858,BML-PL
2009.0,119643000000,2223299000000,0000070858,BAC-PB
2009.0,119643000000,2223299000000,0000070858,BAC-PK
2009.0,119643000000,2223299000000,0000070858,BML-PJ
2009.0,119643000000,2223299000000,0000070858,BAC-PE
2009.0,119643000000,2223299000000,0000070858,BAC-PL
2009.0,119643000000,2223299000000,0000070858,BAC-PM
2009.0,119643000000,2223299000000,0000070858,MER-PK
2009.0,119643000000,2223299000000,0000070858,BAC-PN
2009.0,119643000000,2223299000000,0000070858,BAC-PO
2009.0,119643000000,2223299000000,0000070858,BAC-PP
2009.0,119643000000,2223299000000,0000070858,BAC-PQ
2009.0,119643000000,2223299000000,0000070858,BAC-PS
2009.0,119643000000,2223299000000,0000070858,BACRP
2010.0,110220000000,2264909000000,0000070858,BAC
2010.0,110220000000,2264909000000,0000070858,BML-PG
2010.0,110220000000,2264909000000,0000070858,BML-PH
2010.0,110220000000,2264909000000,0000070858,BML-PL
2010.0,110220000000,2264909000000,0000070858,BAC-PB
2010.0,110220000000,2264909000000,0000070858,BAC-PK
2010.0,110220000000,2264909000000,0000070858,BML-PJ
2010.0,110220000000,2264909000000,0000070858,BAC-PE
2010.0,110220000000,2264909000000,0000070858,BAC-PL
2010.0,110220000000,2264909000000,0000070858,BAC-PM
2010.0,110220000000,2264909000000,0000070858,MER-PK
2010.0,110220000000,2264909000000,0000070858,BAC-PN
2010.0,110220000000,2264909000000,0000070858,BAC-PO
2010.0,110220000000,2264909000000,0000070858,BAC-PP
2010.0,110220000000,2264909000000,0000070858,BAC-PQ
2010.0,110220000000,2264909000000,0000070858,BAC-PS
2010.0,110220000000,2264909000000,0000070858,BACRP
2011.0,93454000000,2129046000000,0000070858,BAC
2011.0,93454000000,2129046000000,0000070858,BML-PG
2011.0,93454000000,2129046000000,0000070858,BML-PH
2011.0,93454000000,2129046000000,0000070858,BML-PL
2011.0,93454000000,2129046000000,0000070858,BAC-PB
2011.0,93454000000,2129046000000,0000070858,BAC-PK
2011.0,93454000000,2129046000000,0000070858,BML-PJ
2011.0,93454000000,2129046000000,0000070858,BAC-PE
2011.0,93454000000,2129046000000,0000070858,BAC-PL
2011.0,93454000000,2129046000000,0000070858,BAC-PM
2011.0,93454000000,2129046000000,0000070858,MER-PK
2011.0,93454000000,2129046000000,0000070858,BAC-PN
2011.0,93454000000,2129046000000,0000070858,BAC-PO
2011.0,93454000000,2129046000000,0000070858,BAC-PP
2011.0,93454000000,2129046000000,0000070858,BAC-PQ
2011.0,93454000000,2129046000000,0000070858,BAC-PS
2011.0,93454000000,2129046000000,0000070858,BACRP
2012.0,110220000000,2209974000000,0000070858,BAC
2012.0,110220000000,2209974000000,0000070858,BML-PG
2012.0,110220000000,2209974000000,0000070858,BML-PH
2012.0,110220000000,2209974000000,0000070858,BML-PL
2012.0,110220000000,2209974000000,0000070858,BAC-PB
2012.0,110220000000,2209974000000,0000070858,BAC-PK
2012.0,110220000000,2209974000000,0000070858,BML-PJ
2012.0,110220000000,2209974000000,0000070858,BAC-PE
2012.0,110220000000,2209974000000,0000070858,BAC-PL
2012.0,110220000000,2209974000000,0000070858,BAC-PM
2012.0,110220000000,2209974000000,0000070858,MER-PK
2012.0,110220000000,2209974000000,0000070858,BAC-PN
2012.0,110220000000,2209974000000,0000070858,BAC-PO
2012.0,110220000000,2209974000000,0000070858,BAC-PP
2012.0,110220000000,2209974000000,0000070858,BAC-PQ
2012.0,110220000000,2209974000000,0000070858,BAC-PS
2012.0,110220000000,2209974000000,0000070858,BACRP
2013.0,88942000000,2102273000000,0000070858,BAC
2013.0,88942000000,2102273000000,0000070858,BML-PG
2013.0,88942000000,2102273000000,0000070858,BML-PH
2013.0,88942000000,2102273000000,0000070858,BML-PL
2013.0,88942000000,2102273000000,0000070858,BAC-PB
2013.0,88942000000,2102273000000,0000070858,BAC-PK
2013.0,88942000000,2102273000000,0000070858,BML-PJ
2013.0,88942000000,2102273000000,0000070858,BAC-PE
2013.0,88942000000,2102273000000,0000070858,BAC-PL
2013.0,88942000000,2102273000000,0000070858,BAC-PM
2013.0,88942000000,2102273000000,0000070858,MER-PK
2013.0,88942000000,2102273000000,0000070858,BAC-PN
2013.0,88942000000,2102273000000,0000070858,BAC-PO
2013.0,88942000000,2102273000000,0000070858,BAC-PP
2013.0,88942000000,2102273000000,0000070858,BAC-PQ
2013.0,88942000000,2102273000000,0000070858,BAC-PS
2013.0,88942000000,2102273000000,0000070858,BACRP
2014.0,84247000000,2104534000000,0000070858,BAC
2014.0,84247000000,2104534000000,0000070858,BML-PG
2014.0,84247000000,2104534000000,0000070858,BML-PH
2014.0,84247000000,2104534000000,0000070858,BML-PL
2014.0,84247000000,2104534000000,0000070858,BAC-PB
2014.0,84247000000,2104534000000,0000070858,BAC-PK
2014.0,84247000000,2104534000000,0000070858,BML-PJ
2014.0,84247000000,2104534000000,0000070858,BAC-PE
2014.0,84247000000,2104534000000,0000070858,BAC-PL
2014.0,84247000000,2104534000000,0000070858,BAC-PM
2014.0,84247000000,2104534000000,0000070858,MER-PK
2014.0,84247000000,2104534000000,0000070858,BAC-PN
2014.0,84247000000,2104534000000,0000070858,BAC-PO
2014.0,84247000000,2104534000000,0000070858,BAC-PP
2014.0,84247000000,2104534000000,0000070858,BAC-PQ
2014.0,84247000000,2104534000000,0000070858,BAC-PS
2014.0,84247000000,2104534000000,0000070858,BACRP
2015.0,82507000000,2144316000000,0000070858,BAC
2015.0,82507000000,2144316000000,0000070858,BML-PG
2015.0,82507000000,2144316000000,0000070858,BML-PH
2015.0,82507000000,2144316000000,0000070858,BML-PL
2015.0,82507000000,2144316000000,0000070858,BAC-PB
2015.0,82507000000,2144316000000,0000070858,BAC-PK
2015.0,82507000000,2144316000000,0000070858,BML-PJ
2015.0,82507000000,2144316000000,0000070858,BAC-PE
2015.0,82507000000,2144316000000,0000070858,BAC-PL
2015.0,82507000000,2144316000000,0000070858,BAC-PM
2015.0,82507000000,2144316000000,0000070858,MER-PK
2015.0,82507000000,2144316000000,0000070858,BAC-PN
2015.0,82507000000,2144316000000,0000070858,BAC-PO
2015.0,82507000000,2144316000000,0000070858,BAC-PP
2015.0,82507000000,2144316000000,0000070858,BAC-PQ
2015.0,82507000000,2144316000000,0000070858,BAC-PS
2015.0,82507000000,2144316000000,0000070858,BACRP
2016.0,83701000000,2144287000000,0000070858,BAC
2016.0,83701000000,2144287000000,0000070858,BML-PG
2016.0,83701000000,2144287000000,0000070858,BML-PH
2016.0,83701000000,2144287000000,0000070858,BML-PL
2016.0,83701000000,2144287000000,0000070858,BAC-PB
2016.0,83701000000,2144287000000,0000070858,BAC-PK
2016.0,83701000000,2144287000000,0000070858,BML-PJ
2016.0,83701000000,2144287000000,0000070858,BAC-PE
2016.0,83701000000,2144287000000,0000070858,BAC-PL
2016.0,83701000000,2144287000000,0000070858,BAC-PM
2016.0,83701000000,2144287000000,0000070858,MER-PK
2016.0,83701000000,2144287000000,0000070858,BAC-PN
2016.0,83701000000,2144287000000,0000070858,BAC-PO
2016.0,83701000000,2144287000000,0000070858,BAC-PP
2016.0,83701000000,2144287000000,0000070858,BAC-PQ
2016.0,83701000000,2144287000000,0000070858,BAC-PS
2016.0,83701000000,2144287000000,0000070858,BACRP
2017.0,83701000000,2281234000000,0000070858,BAC
2017.0,83701000000,2281234000000,0000070858,BML-PG
2017.0,83701000000,2281234000000,0000070858,BML-PH
2017.0,83701000000,2281234000000,0000070858,BML-PL
2017.0,83701000000,2281234000000,0000070858,BAC-PB
2017.0,83701000000,2281234000000,0000070858,BAC-PK
2017.0,83701000000,2281234000000,0000070858,BML-PJ
2017.0,83701000000,2281234000000,0000070858,BAC-PE
2017.0,83701000000,2281234000000,0000070858,BAC-PL
2017.0,83701000000,2281234000000,0000070858,BAC-PM
2017.0,83701000000,2281234000000,0000070858,MER-PK
2017.0,83701000000,2281234000000,0000070858,BAC-PN
2017.0,83701000000,2281234000000,0000070858,BAC-PO
2017.0,83701000000,2281234000000,0000070858,BAC-PP
2017.0,83701000000,2281234000000,0000070858,BAC-PQ
2017.0,83701000000,2281234000000,0000070858,BAC-PS
2017.0,83701000000,2281234000000,0000070858,BACRP
2018.0,91247000000,2354507000000,0000070858,BAC
2018.0,91247000000,2354507000000,0000070858,BML-PG
2018.0,91247000000,2354507000000,0000070858,BML-PH
2018.0,91247000000,2354507000000,0000070858,BML-PL
2018.0,91247000000,2354507000000,0000070858,BAC-PB
2018.0,91247000000,2354507000000,0000070858,BAC-PK
2018.0,91247000000,2354507000000,0000070858,BML-PJ
2018.0,91247000000,2354507000000,0000070858,BAC-PE
2018.0,91247000000,2354507000000,0000070858,BAC-PL
2018.0,91247000000,2354507000000,0000070858,BAC-PM
2018.0,91247000000,2354507000000,0000070858,MER-PK
2018.0,91247000000,2354507000000,0000070858,BAC-PN
2018.0,91247000000,2354507000000,0000070858,BAC-PO
2018.0,91247000000,2354507000000,0000070858,BAC-PP
2018.0,91247000000,2354507000000,0000070858,BAC-PQ
2018.0,91247000000,2354507000000,0000070858,BAC-PS
2018.0,91247000000,2354507000000,0000070858,BACRP
2019.0,91244000000,2434079000000,0000070858,BAC
2019.0,91244000000,2434079000000,0000070858,BML-PG
2019.0,91244000000,2434079000000,0000070858,BML-PH
2019.0,91244000000,2434079000000,0000070858,BML-PL
2019.0,91244000000,2434079000000,0000070858,BAC-PB
2019.0,91244000000,2434079000000,0000070858,BAC-PK
2019.0,91244000000,2434079000000,0000070858,BML-PJ
2019.0,91244000000,2434079000000,0000070858,BAC-PE
2019.0,91244000000,2434079000000,0000070858,BAC-PL
2019.0,91244000000,2434079000000,0000070858,BAC-PM
2019.0,91244000000,2434079000000,0000070858,MER-PK
2019.0,91244000000,2434079000000,0000070858,BAC-PN
2019.0,91244000000,2434079000000,0000070858,BAC-PO
2019.0,91244000000,2434079000000,0000070858,BAC-PP
2019.0,91244000000,2434079000000,0000070858,BAC-PQ
2019.0,91244000000,2434079000000,0000070858,BAC-PS
2019.0,91244000000,2434079000000,0000070858,BACRP
2020.0,91020000000,2434079000000,0000070858,BAC
2020.0,91020000000,2434079000000,0000070858,BML-PG
2020.0,91020000000,2434079000000,0000070858,BML-PH
2020.0,91020000000,2434079000000,0000070858,BML-PL
2020.0,91020000000,2434079000000,0000070858,BAC-PB
2020.0,91020000000,2434079000000,0000070858,BAC-PK
2020.0,91020000000,2434079000000,0000070858,BML-PJ
2020.0,91020000000,2434079000000,0000070858,BAC-PE
2020.0,91020000000,2434079000000,0000070858,BAC-PL
2020.0,91020000000,2434079000000,0000070858,BAC-PM
2020.0,91020000000,2434079000000,0000070858,MER-PK
2020.0,91020000000,2434079000000,0000070858,BAC-PN
2020.0,91020000000,2434079000000,0000070858,BAC-PO
2020.0,91020000000,2434079000000,0000070858,BAC-PP
2020.0,91020000000,2434079000000,0000070858,BAC-PQ
2020.0,91020000000,2434079000000,0000070858,BAC-PS
2020.0,91020000000,2434079000000,0000070858,BACRP
2021.0,89113000000,3169495000000,0000070858,BAC
2021.0,89113000000,3169495000000,0000070858,BML-PG
2021.0,89113000000,3169495000000,0000070858,BML-PH
2021.0,89113000000,3169495000000,0000070858,BML-PL
2021.0,89113000000,3169495000000,0000070858,BAC-PB
2021.0,89113000000,3169495000000,0000070858,BAC-PK
2021.0,89113000000,3169495000000,0000070858,BML-PJ
2021.0,89113000000,3169495000000,0000070858,BAC-PE
2021.0,89113000000,3169495000000,0000070858,BAC-PL
2021.0,89113000000,3169495000000,0000070858,BAC-PM
2021.0,89113000000,3169495000000,0000070858,MER-PK
2021.0,89113000000,3169495000000,0000070858,BAC-PN
2021.0,89113000000,3169495000000,0000070858,BAC-PO
2021.0,89113000000,3169495000000,0000070858,BAC-PP
2021.0,89113000000,3169495000000,0000070858,BAC-PQ
2021.0,89113000000,3169495000000,0000070858,BAC-PS
2021.0,89113000000,3169495000000,0000070858,BACRP
2022.0,94950000000,3051375000000,0000070858,BAC
2022.0,94950000000,3051375000000,0000070858,BML-PG
2022.0,94950000000,3051375000000,0000070858,BML-PH
2022.0,94950000000,3051375000000,0000070858,BML-PL
2022.0,94950000000,3051375000000,0000070858,BAC-PB
2022.0,94950000000,3051375000000,0000070858,BAC-PK
2022.0,94950000000,3051375000000,0000070858,BML-PJ
2022.0,94950000000,3051375000000,0000070858,BAC-PE
2022.0,94950000000,3051375000000,0000070858,BAC-PL
2022.0,94950000000,3051375000000,0000070858,BAC-PM
2022.0,94950000000,3051375000000,0000070858,MER-PK
2022.0,94950000000,3051375000000,0000070858,BAC-PN
2022.0,94950000000,3051375000000,0000070858,BAC-PO
2022.0,94950000000,3051375000000,0000070858,BAC-PP
2022.0,94950000000,3051375000000,0000070858,BAC-PQ
2022.0,94950000000,3051375000000,0000070858,BAC-PS
2022.0,94950000000,3051375000000,0000070858,BACRP
2023.0,98581000000,3180151000000,0000070858,BAC
2023.0,98581000000,3180151000000,0000070858,BML-PG
2023.0,98581000000,3180151000000,0000070858,BML-PH
2023.0,98581000000,3180151000000,0000070858,BML-PL
2023.0,98581000000,3180151000000,0000070858,BAC-PB
2023.0,98581000000,3180151000000,0000070858,BAC-PK
2023.0,98581000000,3180151000000,0000070858,BML-PJ
2023.0,98581000000,3180151000000,0000070858,BAC-PE
2023.0,98581000000,3180151000000,0000070858,BAC-PL
2023.0,98581000000,3180151000000,0000070858,BAC-PM
2023.0,98581000000,3180151000000,0000070858,MER-PK
2023.0,98581000000,3180151000000,0000070858,BAC-PN
2023.0,98581000000,3180151000000,0000070858,BAC-PO
2023.0,98581000000,3180151000000,0000070858,BAC-PP
2023.0,98581000000,3180151000000,0000070858,BAC-PQ
2023.0,98581000000,3180151000000,0000070858,BAC-PS
2023.0,98581000000,3180151000000,0000070858,BACRP
2024.0,101887000000,3261519000000,0000070858,BAC
2024.0,101887000000,3261519000000,0000070858,BML-PG
2024.0,101887000000,3261519000000,0000070858,BML-PH
2024.0,101887000000,3261519000000,0000070858,BML-PL
2024.0,101887000000,3261519000000,0000070858,BAC-PB
2024.0,101887000000,3261519000000,0000070858,BAC-PK
2024.0,101887000000,3261519000000,0000070858,BML-PJ
2024.0,101887000000,3261519000000,0000070858,BAC-PE
2024.0,101887000000,3261519000000,0000070858,BAC-PL
2024.0,101887000000,3261519000000,0000070858,BAC-PM
2024.0,101887000000,3261519000000,0000070858,MER-PK
2024.0,101887000000,3261519000000,0000070858,BAC-PN
2024.0,101887000000,3261519000000,0000070858,BAC-PO
2024.0,101887000000,3261519000000,0000070858,BAC-PP
2024.0,101887000000,3261519000000,0000070858,BAC-PQ
2024.0,101887000000,3261519000000,0000070858,BAC-PS
2024.0,101887000000,3261519000000,0000070858,BACRP
2009.0,66176000000,40877000000,0000354950,HD
2009.0,1670269000,679734000,0001065280,NFLX
2010.0,2162625000,982067000,0001065280,NFLX
2011.0,875575000,3069196000,0001065280,NFLX
2012.0,2162625000,3967890000,0001065280,NFLX
2013.0,875575000,3967890000,0001065280,NFLX
2014.0,1484728000,7056651000,0001065280,NFLX
2015.0,4374562000,10202871000,0001065280,NFLX
2016.0,8830669000,13586610000,0001065280,NFLX
2017.0,11692713000,13586610000,0001065280,NFLX
2018.0,4186841000,25974400000,0001065280,NFLX
2019.0,11692713000,33975712000,0001065280,NFLX
2020.0,4520992000,39280359000,0001065280,NFLX
2021.0,29697844000,44584663000,0001065280,NFLX
2022.0,31615550000,48594768000,0001065280,NFLX
2023.0,31615550000,48731992000,0001065280,NFLX
2024.0,39000966000,53630374000,0001065280,NFLX
2025.0,45183036000,55596993000,0001065280,NFLX
2014.0,29400000000,144266000000,0000080424,PG
2019.0,65058000000,115095000000,0000080424,PG
2020.0,16690000000,120700000000,0000080424,PG
2021.0,76118000000,115095000000,0000080424,PG
2022.0,80187000000,117208000000,0000080424,PG
2023.0,80187000000,120829000000,0000080424,PG
2024.0,84039000000,122370000000,0000080424,PG
2025.0,84284000000,125231000000,0000080424,PG
2009.0,171636000000,164621000000,0000093410,CVX
2010.0,204928000000,184769000000,0000093410,CVX
2011.0,253706000000,209474000000,0000093410,CVX
2012.0,204928000000,232982000000,0000093410,CVX
2013.0,228848000000,253753000000,0000093410,CVX
2014.0,211970000000,266026000000,0000093410,CVX
2015.0,138477000000,266103000000,0000093410,CVX
2016.0,114472000000,264540000000,0000093410,CVX
2017.0,114472000000,253806000000,0000093410,CVX
2018.0,166339000000,253863000000,0000093410,CVX
2019.0,146516000000,237428000000,0000093410,CVX
2020.0,166339000000,237428000000,0000093410,CVX
2021.0,162465000000,239535000000,0000093410,CVX
2022.0,246252000000,257709000000,0000093410,CVX
2023.0,200949000000,261632000000,0000093410,CVX
2024.0,202792000000,256938000000,0000093410,CVX
2018.0,31856000000,83216000000,0000021344,KO
2019.0,37266000000,86381000000,0000021344,KO
2020.0,33014000000,86381000000,0000021344,KO
2021.0,37266000000,94354000000,0000021344,KO
2022.0,43004000000,92763000000,0000021344,KO
2023.0,45754000000,97703000000,0000021344,KO
2024.0,47061000000,100549000000,0000021344,KO
2009.0,156783000000,781818000000,0000040545,GE
2010.0,12325000000,751216000000,0000040545,GE
2011.0,147300000000,717242000000,0000040545,GE
2012.0,12015000000,748491000000,0000040545,GE
2013.0,146684000000,656560000000,0000040545,GE
2014.0,146045000000,648349000000,0000040545,GE
2015.0,113245000000,492692000000,0000040545,GE
2016.0,2649000000,365183000000,0000040545,GE
2017.0,117386000000,365183000000,0000040545,GE
2018.0,119469000000,309129000000,0000040545,GE
2019.0,95214000000,266048000000,0000040545,GE
2020.0,79619000000,253452000000,0000040545,GE
2021.0,20303000000,256211000000,0000040545,GE
2022.0,18569000000,187788000000,0000040545,GE
2023.0,19423000000,163045000000,0000040545,GE
2024.0,29139000000,123140000000,0000040545,GE
2025.0,45855000000,130169000000,0000040545,GE
2012.0,46061000000,91759000000,0000858877,CSCO
2013.0,48607000000,101191000000,0000858877,CSCO
2014.0,47142000000,101191000000,0000858877,CSCO
2015.0,48607000000,113481000000,0000858877,CSCO
2016.0,49247000000,121652000000,0000858877,CSCO
2018.0,12844000000,129818000000,0000858877,CSCO
2011.0,3237693000,4057394000,0000707549,LRCX
2009.0,32396000000,60038000000,0000018230,CAT
2010.0,7298000000,64020000000,0000018230,CAT
2011.0,17243000000,81446000000,0000018230,CAT
2012.0,12949000000,64020000000,0000018230,CAT
2013.0,15981000000,84896000000,0000018230,CAT
2014.0,65875000000,84681000000,0000018230,CAT
2015.0,55656000000,78497000000,0000018230,CAT
2016.0,12317000000,78342000000,0000018230,CAT
2017.0,10342000000,76962000000,0000018230,CAT
2018.0,14342000000,78509000000,0000018230,CAT
2019.0,45462000000,78453000000,0000018230,CAT
2020.0,13466000000,78453000000,0000018230,CAT
2021.0,50971000000,82793000000,0000018230,CAT
2022.0,59427000000,81943000000,0000018230,CAT
2023.0,67060000000,87476000000,0000018230,CAT
2024.0,64809000000,87764000000,0000018230,CAT
2011.0,226106000000,372928000000,0001094517,TM
2011.0,226106000000,372928000000,0001094517,TOYOF
2012.0,234601000000,377281000000,0001094517,TM
2012.0,234601000000,377281000000,0001094517,TOYOF
2009.0,23358000000,771462000000,0000895421,MS
2009.0,23358000000,771462000000,0000895421,MS-PA
2009.0,23358000000,771462000000,0000895421,MS-PK
2009.0,23358000000,771462000000,0000895421,MS-PI
2009.0,23358000000,771462000000,0000895421,MS-PF
2009.0,23358000000,771462000000,0000895421,MS-PE
2009.0,23358000000,771462000000,0000895421,MS-PL
2009.0,23358000000,771462000000,0000895421,MS-PQ
2009.0,23358000000,771462000000,0000895421,MS-PO
2009.0,23358000000,771462000000,0000895421,MS-PP
2010.0,23434000000,807698000000,0000895421,MS
2010.0,23434000000,807698000000,0000895421,MS-PA
2010.0,23434000000,807698000000,0000895421,MS-PK
2010.0,23434000000,807698000000,0000895421,MS-PI
2010.0,23434000000,807698000000,0000895421,MS-PF
2010.0,23434000000,807698000000,0000895421,MS-PE
2010.0,23434000000,807698000000,0000895421,MS-PL
2010.0,23434000000,807698000000,0000895421,MS-PQ
2010.0,23434000000,807698000000,0000895421,MS-PO
2010.0,23434000000,807698000000,0000895421,MS-PP
2011.0,23280000000,749898000000,0000895421,MS
2011.0,23280000000,749898000000,0000895421,MS-PA
2011.0,23280000000,749898000000,0000895421,MS-PK
2011.0,23280000000,749898000000,0000895421,MS-PI
2011.0,23280000000,749898000000,0000895421,MS-PF
2011.0,23280000000,749898000000,0000895421,MS-PE
2011.0,23280000000,749898000000,0000895421,MS-PL
2011.0,23280000000,749898000000,0000895421,MS-PQ
2011.0,23280000000,749898000000,0000895421,MS-PO
2011.0,23280000000,749898000000,0000895421,MS-PP
2012.0,7558000000,780960000000,0000895421,MS
2012.0,7558000000,780960000000,0000895421,MS-PA
2012.0,7558000000,780960000000,0000895421,MS-PK
2012.0,7558000000,780960000000,0000895421,MS-PI
2012.0,7558000000,780960000000,0000895421,MS-PF
2012.0,7558000000,780960000000,0000895421,MS-PE
2012.0,7558000000,780960000000,0000895421,MS-PL
2012.0,7558000000,780960000000,0000895421,MS-PQ
2012.0,7558000000,780960000000,0000895421,MS-PO
2012.0,7558000000,780960000000,0000895421,MS-PP
2013.0,7830000000,832702000000,0000895421,MS
2013.0,7830000000,832702000000,0000895421,MS-PA
2013.0,7830000000,832702000000,0000895421,MS-PK
2013.0,7830000000,832702000000,0000895421,MS-PI
2013.0,7830000000,832702000000,0000895421,MS-PF
2013.0,7830000000,832702000000,0000895421,MS-PE
2013.0,7830000000,832702000000,0000895421,MS-PL
2013.0,7830000000,832702000000,0000895421,MS-PQ
2013.0,7830000000,832702000000,0000895421,MS-PO
2013.0,7830000000,832702000000,0000895421,MS-PP
2014.0,7764000000,801510000000,0000895421,MS
2014.0,7764000000,801510000000,0000895421,MS-PA
2014.0,7764000000,801510000000,0000895421,MS-PK
2014.0,7764000000,801510000000,0000895421,MS-PI
2014.0,7764000000,801510000000,0000895421,MS-PF
2014.0,7764000000,801510000000,0000895421,MS-PE
2014.0,7764000000,801510000000,0000895421,MS-PL
2014.0,7764000000,801510000000,0000895421,MS-PQ
2014.0,7764000000,801510000000,0000895421,MS-PO
2014.0,7764000000,801510000000,0000895421,MS-PP
2017.0,88389000000,1951757000000,0000072971,WFC
2017.0,88389000000,1951757000000,0000072971,WFC-PY
2017.0,88389000000,1951757000000,0000072971,WFC-PL
2017.0,88389000000,1951757000000,0000072971,WFC-PC
2017.0,88389000000,1951757000000,0000072971,WFC-PD
2017.0,88389000000,1951757000000,0000072971,WFC-PZ
2017.0,88389000000,1951757000000,0000072971,WFCNP
2017.0,88389000000,1951757000000,0000072971,WFC-PA
2018.0,86408000000,1895883000000,0000072971,WFC
2018.0,86408000000,1895883000000,0000072971,WFC-PY
2018.0,86408000000,1895883000000,0000072971,WFC-PL
2018.0,86408000000,1895883000000,0000072971,WFC-PC
2018.0,86408000000,1895883000000,0000072971,WFC-PD
2018.0,86408000000,1895883000000,0000072971,WFC-PZ
2018.0,86408000000,1895883000000,0000072971,WFCNP
2018.0,86408000000,1895883000000,0000072971,WFC-PA
2019.0,85063000000,1927555000000,0000072971,WFC
2019.0,85063000000,1927555000000,0000072971,WFC-PY
2019.0,85063000000,1927555000000,0000072971,WFC-PL
2019.0,85063000000,1927555000000,0000072971,WFC-PC
2019.0,85063000000,1927555000000,0000072971,WFC-PD
2019.0,85063000000,1927555000000,0000072971,WFC-PZ
2019.0,85063000000,1927555000000,0000072971,WFCNP
2019.0,85063000000,1927555000000,0000072971,WFC-PA
2018.0,7499000000,39801000000,0001413329,PM
2019.0,28748000000,42875000000,0001413329,PM
2020.0,6751000000,42875000000,0001413329,PM
2021.0,29805000000,41290000000,0001413329,PM
2022.0,31762000000,61681000000,0001413329,PM
2023.0,35174000000,65304000000,0001413329,PM
2024.0,37878000000,61784000000,0001413329,PM
2009.0,95758000000,109022000000,0000051143,IBM
2010.0,99870000000,113452000000,0000051143,IBM
2011.0,106916000000,116433000000,0000051143,IBM
2012.0,99870000000,113452000000,0000051143,IBM
2013.0,99751000000,126223000000,0000051143,IBM
2014.0,92793000000,117532000000,0000051143,IBM
2015.0,81741000000,110495000000,0000051143,IBM
2016.0,79919000000,117470000000,0000051143,IBM
2017.0,79919000000,117470000000,0000051143,IBM
2018.0,79591000000,123382000000,0000051143,IBM
2019.0,77147000000,152186000000,0000051143,IBM
2020.0,79591000000,155971000000,0000051143,IBM
2021.0,57350000000,155971000000,0000051143,IBM
2022.0,60530000000,127243000000,0000051143,IBM
2023.0,61860000000,135241000000,0000051143,IBM
2024.0,62753000000,137175000000,0000051143,IBM
2009.0,52920000000,55762000000,0000101829,RTX
2018.0,18044000000,134211000000,0000101829,RTX
2019.0,59837000000,134211000000,0000101829,RTX
2020.0,10953000000,139615000000,0000101829,RTX
2021.0,45349000000,161404000000,0000101829,RTX
2022.0,67074000000,158864000000,0000101829,RTX
2023.0,68920000000,161869000000,0000101829,RTX
2024.0,80738000000,162861000000,0000101829,RTX
2009.0,27428300000,112089700000,0000310158,MRK
2010.0,45987000000,105781000000,0000310158,MRK
2018.0,42294000000,82637000000,0000310158,MRK
2019.0,46840000000,84397000000,0000310158,MRK
2020.0,42294000000,84397000000,0000310158,MRK
2021.0,48704000000,105694000000,0000310158,MRK
2022.0,59283000000,109160000000,0000310158,MRK
2023.0,60115000000,106675000000,0000310158,MRK
2024.0,64168000000,117106000000,0000310158,MRK
2018.0,14537000000,17773000000,0000006951,AMAT
2019.0,3754000000,19024000000,0000006951,AMAT
